,instance,method,goals_visited,path_length,num_points,runtime,valid,number_goal_points,number_start_points,number_end_points,instance_number
0,instance_003,greedy,3,1972.511,5,0.0001,1,5,4,4,instance_003
1,instance_001,greedy,3,1847.035,5,0.0002,1,8,2,2,instance_001
2,instance_002,greedy,3,1759.288,5,0.0002,1,8,4,4,instance_002
3,instance_004,hybrid,0,554.658,2,0.0001,1,8,2,4,instance_004
4,instance_003,local,3,1972.511,5,0.0001,1,5,4,4,instance_003
5,instance_004,beam,4,1657.656,6,0.0004,1,8,2,4,instance_004
6,instance_002,local,3,1759.288,5,0.0002,1,8,4,4,instance_002
7,instance_001,local,3,1847.035,5,0.0002,1,8,2,2,instance_001
8,instance_004,local,0,554.658,2,0.0001,1,8,2,4,instance_004
9,instance_003,hybrid,3,1972.511,5,0.0001,1,5,4,4,instance_003
10,instance_001,beam,4,1447.594,6,0.0005,1,8,2,2,instance_001
11,instance_001,annealing,0,0.0,0,0.0007,0,8,2,2,instance_001
12,instance_004,greedy,0,554.658,2,0.0001,1,8,2,4,instance_004
13,instance_002,hybrid,3,1759.288,5,0.0002,1,8,4,4,instance_002
14,instance_001,hybrid,3,1847.035,5,0.0002,1,8,2,2,instance_001
15,instance_003,annealing,0,0.0,0,0.0002,0,5,4,4,instance_003
16,instance_003,beam,4,1593.238,6,0.0005,1,5,4,4,instance_003
17,instance_004,annealing,0,0.0,0,0.0004,0,8,2,4,instance_004
18,instance_002,annealing,0,0.0,0,0.0012,0,8,4,4,instance_002
19,instance_002,beam,4,1900.835,6,0.0015,1,8,4,4,instance_002
20,instance_005,greedy,3,1988.027,5,0.0001,1,4,4,3,instance_005
21,instance_005,beam,3,1148.234,5,0.0002,1,4,4,3,instance_005
22,instance_005,local,3,1988.027,5,0.0002,1,4,4,3,instance_005
23,instance_006,greedy,2,1206.779,4,0.0001,1,3,2,2,instance_006
24,instance_005,hybrid,3,1988.027,5,0.0001,1,4,4,3,instance_005
25,instance_006,beam,3,1293.622,5,0.0001,1,3,2,2,instance_006
26,instance_006,local,2,1206.779,4,0.0001,1,3,2,2,instance_006
27,instance_005,annealing,0,0.0,0,0.0011,0,4,4,3,instance_005
28,instance_006,annealing,0,0.0,0,0.0002,0,3,2,2,instance_006
29,instance_006,hybrid,2,1206.779,4,0.0001,1,3,2,2,instance_006
30,instance_007,greedy,4,1666.708,6,0.0001,1,8,4,2,instance_007
31,instance_007,beam,4,1832.783,6,0.0004,1,8,4,2,instance_007
32,instance_008,greedy,3,1792.366,5,0.0001,1,5,2,4,instance_008
33,instance_007,hybrid,4,1666.708,6,0.0002,1,8,4,2,instance_007
34,instance_008,beam,3,1792.366,5,0.0002,1,5,2,4,instance_008
35,instance_007,annealing,0,0.0,0,0.0005,0,8,4,2,instance_007
36,instance_008,hybrid,3,1792.366,5,0.0001,1,5,2,4,instance_008
37,instance_008,local,3,1792.366,5,0.0001,1,5,2,4,instance_008
38,instance_009,greedy,3,1838.758,5,0.0001,1,4,2,4,instance_009
39,instance_008,annealing,0,0.0,0,0.0004,0,5,2,4,instance_008
40,instance_007,local,4,1666.708,6,0.0002,1,8,4,2,instance_007
41,instance_009,beam,3,1838.758,5,0.0002,1,4,2,4,instance_009
42,instance_009,local,3,1838.758,5,0.0001,1,4,2,4,instance_009
43,instance_009,hybrid,3,1838.758,5,0.0001,1,4,2,4,instance_009
44,instance_009,annealing,0,0.0,0,0.0003,0,4,2,4,instance_009
45,instance_010,greedy,2,949.29,4,0.0001,1,7,3,2,instance_010
46,instance_010,local,2,949.29,4,0.0001,1,7,3,2,instance_010
47,instance_010,hybrid,2,949.29,4,0.0001,1,7,3,2,instance_010
48,instance_010,beam,5,1848.211,7,0.0004,1,7,3,2,instance_010
49,instance_010,annealing,0,0.0,0,0.0005,0,7,3,2,instance_010
50,instance_011,greedy,5,1695.251,7,0.0003,1,16,3,3,instance_011
51,instance_012,greedy,4,1667.386,6,0.0003,1,17,2,2,instance_012
52,instance_011,local,5,1695.251,7,0.0005,1,16,3,3,instance_011
53,instance_011,hybrid,5,1695.251,7,0.0004,1,16,3,3,instance_011
54,instance_012,local,4,1667.386,6,0.0003,1,17,2,2,instance_012
55,instance_012,beam,5,1876.068,7,0.0009,1,17,2,2,instance_012
56,instance_011,annealing,0,0.0,0,0.0014,0,16,3,3,instance_011
57,instance_011,beam,7,1873.37,9,0.0019,1,16,3,3,instance_011
58,instance_012,annealing,0,0.0,0,0.002,0,17,2,2,instance_012
59,instance_013,greedy,0,519.562,2,0.0003,1,17,2,3,instance_013
60,instance_012,hybrid,4,1667.386,6,0.0004,1,17,2,2,instance_012
61,instance_013,local,0,519.562,2,0.0003,1,17,2,3,instance_013
62,instance_013,annealing,0,0.0,0,0.0005,0,17,2,3,instance_013
63,instance_013,hybrid,0,519.562,2,0.0003,1,17,2,3,instance_013
64,instance_014,greedy,4,1967.139,6,0.0003,1,17,4,3,instance_014
65,instance_013,beam,4,1952.053,6,0.0007,1,17,2,3,instance_013
66,instance_014,beam,8,1982.31,10,0.0017,1,17,4,3,instance_014
67,instance_014,annealing,0,0.0,0,0.0007,0,17,4,3,instance_014
68,instance_014,local,4,1834.335,6,0.0003,1,17,4,3,instance_014
69,instance_014,hybrid,4,1834.335,6,0.0003,1,17,4,3,instance_014
70,instance_015,greedy,5,1743.973,7,0.0002,1,11,4,3,instance_015
71,instance_015,local,5,1743.973,7,0.0004,1,11,4,3,instance_015
72,instance_016,greedy,0,599.093,2,0.0003,1,12,3,3,instance_016
73,instance_015,hybrid,5,1743.973,7,0.0004,1,11,4,3,instance_015
74,instance_015,beam,6,1419.072,8,0.0011,1,11,4,3,instance_015
75,instance_016,local,0,599.093,2,0.0003,1,12,3,3,instance_016
76,instance_016,hybrid,0,599.093,2,0.0003,1,12,3,3,instance_016
77,instance_016,beam,0,599.093,2,0.0016,1,12,3,3,instance_016
78,instance_017,greedy,7,1946.423,9,0.0008,1,19,4,2,instance_017
79,instance_015,annealing,0,0.0,0,0.0021,0,11,4,3,instance_015
80,instance_017,local,7,1946.423,9,0.0009,1,19,4,2,instance_017
81,instance_016,annealing,0,0.0,0,0.0017,0,12,3,3,instance_016
82,instance_017,hybrid,7,1946.423,9,0.0008,1,19,4,2,instance_017
83,instance_018,greedy,5,1907.544,7,0.0004,1,11,3,5,instance_018
84,instance_017,beam,10,1859.612,12,0.0037,1,19,4,2,instance_017
85,instance_017,annealing,0,0.0,0,0.0036,0,19,4,2,instance_017
86,instance_018,local,5,1907.544,7,0.0004,1,11,3,5,instance_018
87,instance_018,beam,6,1575.494,8,0.0013,1,11,3,5,instance_018
88,instance_018,hybrid,5,1907.544,7,0.0004,1,11,3,5,instance_018
89,instance_018,annealing,0,0.0,0,0.0013,0,11,3,5,instance_018
90,instance_019,greedy,5,1688.244,7,0.0003,1,12,4,3,instance_019
91,instance_019,beam,5,1688.244,7,0.0008,1,12,4,3,instance_019
92,instance_019,local,5,1677.765,7,0.0004,1,12,4,3,instance_019
93,instance_019,annealing,0,0.0,0,0.0007,0,12,4,3,instance_019
94,instance_019,hybrid,5,1677.765,7,0.0004,1,12,4,3,instance_019
95,instance_020,greedy,6,1935.699,8,0.0004,1,16,3,5,instance_020
96,instance_020,beam,6,1717.327,8,0.0012,1,16,3,5,instance_020
97,instance_020,annealing,0,0.0,0,0.0012,0,16,3,5,instance_020
98,instance_020,local,6,1935.699,8,0.0003,1,16,3,5,instance_020
99,instance_020,hybrid,6,1935.699,8,0.0005,1,16,3,5,instance_020
100,instance_021,greedy,6,1935.075,8,0.0003,1,15,5,4,instance_021
101,instance_021,local,6,1863.051,8,0.0008,1,15,5,4,instance_021
102,instance_022,greedy,3,1938.802,5,0.0002,1,10,5,3,instance_022
103,instance_021,hybrid,6,1863.051,8,0.0007,1,15,5,4,instance_021
104,instance_021,beam,6,1917.525,8,0.0021,1,15,5,4,instance_021
105,instance_022,annealing,0,0.0,0,0.0003,0,10,5,3,instance_022
106,instance_021,annealing,0,0.0,0,0.0024,0,15,5,4,instance_021
107,instance_022,local,3,1685.81,5,0.0001,1,10,5,3,instance_022
108,instance_022,beam,4,1631.891,6,0.001,1,10,5,3,instance_022
109,instance_022,hybrid,3,1685.81,5,0.0001,1,10,5,3,instance_022
110,instance_023,greedy,3,1701.272,5,0.0001,1,12,3,5,instance_023
111,instance_023,beam,3,1677.658,5,0.0007,1,12,3,5,instance_023
112,instance_023,annealing,0,0.0,0,0.0004,0,12,3,5,instance_023
113,instance_023,local,3,1677.658,5,0.0003,1,12,3,5,instance_023
114,instance_023,hybrid,3,1677.658,5,0.0003,1,12,3,5,instance_023
115,instance_024,greedy,6,1971.927,8,0.0006,1,18,2,4,instance_024
116,instance_024,local,6,1923.145,8,0.0008,1,18,2,4,instance_024
117,instance_024,hybrid,6,1923.145,8,0.001,1,18,2,4,instance_024
118,instance_024,beam,6,1971.927,8,0.0032,1,18,2,4,instance_024
119,instance_025,greedy,8,1956.24,10,0.0007,1,14,3,5,instance_025
120,instance_025,local,8,1956.24,10,0.001,1,14,3,5,instance_025
121,instance_025,beam,7,1569.451,9,0.0029,1,14,3,5,instance_025
122,instance_025,hybrid,8,1956.24,10,0.0012,1,14,3,5,instance_025
123,instance_026,greedy,0,856.084,2,0.0016,1,26,5,6,instance_026
124,instance_026,annealing,0,0.0,0,0.002,0,26,5,6,instance_026
125,instance_026,local,0,856.084,2,0.0028,1,26,5,6,instance_026
126,instance_027,greedy,6,1497.735,8,0.0013,1,29,6,4,instance_027
127,instance_026,hybrid,0,856.084,2,0.0018,1,26,5,6,instance_026
128,instance_027,local,6,1497.735,8,0.0018,1,29,6,4,instance_027
129,instance_027,hybrid,6,1497.735,8,0.0018,1,29,6,4,instance_027
130,instance_027,annealing,0,0.0,0,0.0032,0,29,6,4,instance_027
131,instance_028,greedy,8,1879.138,10,0.0022,1,22,3,6,instance_028
132,instance_026,beam,10,1982.2,12,0.0104,1,26,5,6,instance_026
133,instance_028,local,8,1879.138,10,0.0019,1,22,3,6,instance_028
134,instance_028,hybrid,8,1879.138,10,0.002,1,22,3,6,instance_028
135,instance_029,greedy,8,1977.694,10,0.0033,1,21,4,5,instance_029
136,instance_027,beam,11,1992.923,13,0.0143,1,29,6,4,instance_027
137,instance_029,local,8,1968.218,10,0.0032,1,21,4,5,instance_029
138,instance_029,annealing,0,0.0,0,0.0047,0,21,4,5,instance_029
139,instance_028,annealing,0,0.0,0,0.0102,0,22,3,6,instance_028
140,instance_030,greedy,9,1739.452,11,0.0019,1,34,3,5,instance_030
141,instance_029,hybrid,8,1968.218,10,0.0043,1,21,4,5,instance_029
142,instance_030,local,9,1739.452,11,0.0027,1,34,3,5,instance_030
143,instance_030,hybrid,9,1739.452,11,0.0034,1,34,3,5,instance_030
144,instance_029,beam,8,1879.631,10,0.0127,1,21,4,5,instance_029
145,instance_031,greedy,0,567.145,2,0.0024,1,22,3,6,instance_031
146,instance_030,annealing,0,0.0,0,0.0128,0,34,3,5,instance_030
147,instance_031,local,0,567.145,2,0.0048,1,22,3,6,instance_031
148,instance_031,hybrid,0,567.145,2,0.0031,1,22,3,6,instance_031
149,instance_028,beam,8,1999.24,10,0.0304,1,22,3,6,instance_028
150,instance_030,beam,10,1861.349,12,0.0239,1,34,3,5,instance_030
151,instance_032,beam,9,1906.34,11,0.0089,1,25,3,6,instance_032
152,instance_032,hybrid,7,1925.258,9,0.002,1,25,3,6,instance_032
153,instance_032,annealing,0,0.0,0,0.0098,0,25,3,6,instance_032
154,instance_032,local,7,1925.258,9,0.0047,1,25,3,6,instance_032
155,instance_031,beam,13,1918.606,15,0.0239,1,22,3,6,instance_031
156,instance_033,greedy,0,198.879,2,0.0015,1,34,5,3,instance_033
157,instance_032,greedy,7,1925.258,9,0.0148,1,25,3,6,instance_032
158,instance_031,annealing,0,0.0,0,0.0211,0,22,3,6,instance_031
159,instance_033,local,0,198.879,2,0.0015,1,34,5,3,instance_033
160,instance_033,annealing,0,0.0,0,0.0021,0,34,5,3,instance_033
161,instance_033,hybrid,0,198.879,2,0.0027,1,34,5,3,instance_033
162,instance_034,greedy,6,1992.197,8,0.0016,1,30,3,3,instance_034
163,instance_034,local,6,1992.197,8,0.001,1,30,3,3,instance_034
164,instance_034,annealing,0,0.0,0,0.0017,0,30,3,3,instance_034
165,instance_035,greedy,9,1954.99,11,0.0015,1,30,4,3,instance_035
166,instance_035,local,9,1954.99,11,0.0023,1,30,4,3,instance_035
167,instance_034,hybrid,6,1992.197,8,0.0058,1,30,3,3,instance_034
168,instance_034,beam,8,1694.481,10,0.0107,1,30,3,3,instance_034
169,instance_036,greedy,0,153.17,2,0.0002,1,8,3,3,instance_036
170,instance_035,annealing,0,0.0,0,0.0105,0,30,4,3,instance_035
171,instance_036,beam,8,1799.804,10,0.0018,1,8,3,3,instance_036
172,instance_033,beam,8,1967.985,10,0.0187,1,34,5,3,instance_033
173,instance_036,annealing,0,0.0,0,0.0002,0,8,3,3,instance_036
174,instance_036,hybrid,0,153.17,2,0.0002,1,8,3,3,instance_036
175,instance_037,greedy,0,107.935,2,0.0006,1,11,2,2,instance_037
176,instance_035,hybrid,9,1954.99,11,0.005,1,30,4,3,instance_035
177,instance_037,annealing,0,0.0,0,0.0006,0,11,2,2,instance_037
178,instance_035,beam,11,1968.911,13,0.0137,1,30,4,3,instance_035
179,instance_036,local,0,153.17,2,0.0021,1,8,3,3,instance_036
180,instance_037,beam,0,107.935,2,0.003,1,11,2,2,instance_037
181,instance_037,hybrid,0,107.935,2,0.0006,1,11,2,2,instance_037
182,instance_037,local,0,107.935,2,0.0011,1,11,2,2,instance_037
183,instance_038,greedy,11,1430.928,13,0.0033,1,18,2,2,instance_038
184,instance_039,greedy,5,1122.612,7,0.0003,1,11,3,2,instance_039
185,instance_039,beam,5,1082.74,7,0.0012,1,11,3,2,instance_039
186,instance_038,local,11,1430.928,13,0.0063,1,18,2,2,instance_038
187,instance_039,annealing,0,0.0,0,0.0028,0,11,3,2,instance_039
188,instance_039,local,5,1082.74,7,0.0015,1,11,3,2,instance_039
189,instance_039,hybrid,5,1082.74,7,0.0015,1,11,3,2,instance_039
190,instance_038,hybrid,11,1430.928,13,0.0083,1,18,2,2,instance_038
191,instance_040,annealing,0,0.0,0,0.0022,0,15,2,3,instance_040
192,instance_040,greedy,6,1521.533,8,0.0058,1,15,2,3,instance_040
193,instance_040,beam,6,1521.533,8,0.0068,1,15,2,3,instance_040
194,instance_038,beam,12,1484.662,14,0.0162,1,18,2,2,instance_038
195,instance_040,local,6,1498.504,8,0.0085,1,15,2,3,instance_040
196,instance_024,annealing,7,1641.982,8,0.1047,0,18,2,4,instance_024
197,instance_041,greedy,6,1997.188,8,0.0003,1,7,2,2,instance_041
198,instance_041,local,6,1893.954,8,0.0014,1,7,2,2,instance_041
199,instance_041,beam,7,1725.729,9,0.0028,1,7,2,2,instance_041
200,instance_041,hybrid,6,1893.954,8,0.0013,1,7,2,2,instance_041
201,instance_042,greedy,5,1603.022,7,0.0008,1,14,3,2,instance_042
202,instance_042,beam,7,1726.739,9,0.002,1,14,3,2,instance_042
203,instance_040,hybrid,6,1498.504,8,0.0017,1,15,2,3,instance_040
204,instance_042,local,5,1598.72,7,0.0008,1,14,3,2,instance_042
205,instance_043,greedy,0,302.617,2,0.0002,1,12,3,3,instance_043
206,instance_042,hybrid,5,1598.72,7,0.0009,1,14,3,2,instance_042
207,instance_043,annealing,0,0.0,0,0.0005,0,12,3,3,instance_043
208,instance_043,local,0,302.617,2,0.0002,1,12,3,3,instance_043
209,instance_043,hybrid,0,302.617,2,0.0002,1,12,3,3,instance_043
210,instance_043,beam,6,1387.734,8,0.0045,1,12,3,3,instance_043
211,instance_044,annealing,0,0.0,0,0.0011,0,28,2,2,instance_044
212,instance_044,local,0,1107.522,2,0.0009,1,28,2,2,instance_044
213,instance_044,hybrid,0,1107.522,2,0.0009,1,28,2,2,instance_044
214,instance_044,greedy,0,1107.522,2,0.0068,1,28,2,2,instance_044
215,instance_045,greedy,11,1926.338,13,0.0057,1,19,2,2,instance_045
216,instance_044,beam,9,1997.676,11,0.0166,1,28,2,2,instance_044
217,instance_045,beam,11,1889.068,13,0.0106,1,19,2,2,instance_045
218,instance_045,hybrid,11,1923.693,13,0.0053,1,19,2,2,instance_045
219,instance_045,local,11,1923.693,13,0.0176,1,19,2,2,instance_045
220,instance_046,greedy,9,1971.029,11,0.0081,1,27,4,3,instance_046
221,instance_046,annealing,0,0.0,0,0.0067,0,27,4,3,instance_046
222,instance_046,beam,9,1971.029,11,0.0169,1,27,4,3,instance_046
223,instance_046,local,9,1949.523,11,0.0119,1,27,4,3,instance_046
224,instance_047,greedy,8,1246.664,10,0.0008,1,20,4,2,instance_047
225,instance_046,hybrid,9,1949.523,11,0.0074,1,27,4,3,instance_046
226,instance_047,beam,9,1967.454,11,0.0043,1,20,4,2,instance_047
227,instance_025,annealing,8,1956.24,10,0.1672,1,14,3,5,instance_025
228,instance_047,local,8,1006.947,10,0.0108,1,20,4,2,instance_047
229,instance_048,greedy,6,1991.687,8,0.0009,1,24,3,3,instance_048
230,instance_047,hybrid,8,1006.947,10,0.0153,1,20,4,2,instance_047
231,instance_048,annealing,0,0.0,0,0.0027,0,24,3,3,instance_048
232,instance_048,local,6,1991.687,8,0.0009,1,24,3,3,instance_048
233,instance_048,hybrid,6,1991.687,8,0.0087,1,24,3,3,instance_048
234,instance_049,greedy,0,158.644,2,0.0032,1,26,4,4,instance_049
235,instance_049,annealing,0,0.0,0,0.0025,0,26,4,4,instance_049
236,instance_048,beam,10,1894.852,12,0.0198,1,24,3,3,instance_048
237,instance_049,local,0,158.644,2,0.001,1,26,4,4,instance_049
238,instance_050,greedy,4,1136.627,6,0.0007,1,14,3,2,instance_050
239,instance_049,hybrid,0,158.644,2,0.0018,1,26,4,4,instance_049
240,instance_050,beam,4,1136.627,6,0.0009,1,14,3,2,instance_050
241,instance_050,annealing,0,0.0,0,0.0007,0,14,3,2,instance_050
242,instance_050,local,4,1121.72,6,0.0006,1,14,3,2,instance_050
243,instance_050,hybrid,4,1121.72,6,0.0007,1,14,3,2,instance_050
244,instance_049,beam,0,158.644,2,0.0092,1,26,4,4,instance_049
245,instance_051,greedy,4,1742.371,6,0.0003,1,14,4,2,instance_051
246,instance_051,beam,9,1920.856,11,0.0056,1,14,4,2,instance_051
247,instance_051,local,4,1730.003,6,0.0005,1,14,4,2,instance_051
248,instance_051,hybrid,4,1730.003,6,0.0004,1,14,4,2,instance_051
249,instance_052,greedy,0,601.332,2,0.0003,1,13,2,3,instance_052
250,instance_052,beam,7,1963.797,9,0.002,1,13,2,3,instance_052
251,instance_052,local,0,601.332,2,0.0003,1,13,2,3,instance_052
252,instance_052,hybrid,0,601.332,2,0.0004,1,13,2,3,instance_052
253,instance_051,annealing,0,0.0,0,0.0137,0,14,4,2,instance_051
254,instance_053,greedy,14,1983.005,16,0.0202,1,18,2,3,instance_053
255,instance_041,annealing,7,1518.32,8,0.1403,0,7,2,2,instance_041
256,instance_053,local,14,1983.005,16,0.0076,1,18,2,3,instance_053
257,instance_053,hybrid,14,1983.005,16,0.012,1,18,2,3,instance_053
258,instance_054,greedy,7,1991.428,9,0.0012,1,19,3,2,instance_054
259,instance_054,beam,12,1969.64,14,0.0078,1,19,3,2,instance_054
260,instance_042,annealing,8,1854.597,9,0.1798,0,14,3,2,instance_042
261,instance_054,local,7,1903.976,9,0.0012,1,19,3,2,instance_054
262,instance_054,hybrid,7,1903.976,9,0.0013,1,19,3,2,instance_054
263,instance_055,greedy,0,817.27,2,0.0009,1,14,3,3,instance_055
264,instance_053,beam,14,1983.005,16,0.0715,1,18,2,3,instance_053
265,instance_055,annealing,0,0.0,0,0.0015,0,14,3,3,instance_055
266,instance_055,local,0,817.27,2,0.001,1,14,3,3,instance_055
267,instance_055,hybrid,0,817.27,2,0.0021,1,14,3,3,instance_055
268,instance_056,greedy,0,558.624,2,0.0065,1,14,3,2,instance_056
269,instance_055,beam,13,1972.981,15,0.0218,1,14,3,3,instance_055
270,instance_056,beam,0,558.624,2,0.0174,1,14,3,2,instance_056
271,instance_056,local,0,558.624,2,0.0011,1,14,3,2,instance_056
272,instance_056,hybrid,0,558.624,2,0.001,1,14,3,2,instance_056
273,instance_057,greedy,5,1972.912,7,0.0003,1,10,3,2,instance_057
274,instance_057,beam,8,1683.271,10,0.0025,1,10,3,2,instance_057
275,instance_057,annealing,0,0.0,0,0.0069,0,10,3,2,instance_057
276,instance_057,local,5,1972.912,7,0.0003,1,10,3,2,instance_057
277,instance_057,hybrid,5,1972.912,7,0.0004,1,10,3,2,instance_057
278,instance_058,greedy,0,503.589,2,0.0039,1,36,3,2,instance_058
279,instance_047,annealing,8,1246.664,10,0.2164,1,20,4,2,instance_047
280,instance_058,annealing,0,0.0,0,0.0023,0,36,3,2,instance_058
281,instance_058,local,0,503.589,2,0.0025,1,36,3,2,instance_058
282,instance_038,annealing,12,1534.444,14,0.3004,1,18,2,2,instance_038
283,instance_059,greedy,0,697.573,2,0.001,1,36,3,3,instance_059
284,instance_058,hybrid,0,503.589,2,0.0025,1,36,3,2,instance_058
285,instance_059,annealing,0,0.0,0,0.0013,0,36,3,3,instance_059
286,instance_059,local,0,697.573,2,0.0013,1,36,3,3,instance_059
287,instance_059,hybrid,0,697.573,2,0.001,1,36,3,3,instance_059
288,instance_060,greedy,0,512.665,2,0.001,1,16,3,2,instance_060
289,instance_059,beam,11,1919.336,13,0.025,1,36,3,3,instance_059
290,instance_060,annealing,0,0.0,0,0.0012,0,16,3,2,instance_060
291,instance_060,beam,11,1802.727,13,0.0211,1,16,3,2,instance_060
292,instance_060,local,0,512.665,2,0.0011,1,16,3,2,instance_060
293,instance_060,hybrid,0,512.665,2,0.0011,1,16,3,2,instance_060
294,instance_061,greedy,11,1939.082,13,0.0023,1,25,3,3,instance_061
295,instance_058,beam,15,1998.34,17,0.0722,1,36,3,2,instance_058
296,instance_061,local,11,1939.082,13,0.0046,1,25,3,3,instance_061
297,instance_061,hybrid,11,1939.082,13,0.0037,1,25,3,3,instance_061
298,instance_062,greedy,8,1943.417,10,0.0016,1,25,2,2,instance_062
299,instance_061,beam,11,1939.082,13,0.0211,1,25,3,3,instance_061
300,instance_062,beam,9,1896.353,11,0.0088,1,25,2,2,instance_062
301,instance_062,local,8,1943.417,10,0.0016,1,25,2,2,instance_062
302,instance_062,hybrid,8,1943.417,10,0.0017,1,25,2,2,instance_062
303,instance_063,greedy,3,1928.173,5,0.0005,1,36,2,2,instance_063
304,instance_063,beam,6,1966.397,8,0.0045,1,36,2,2,instance_063
305,instance_052,annealing,13,1912.747,14,0.245,0,13,2,3,instance_052
306,instance_063,local,3,1867.615,5,0.0007,1,36,2,2,instance_063
307,instance_063,hybrid,3,1867.615,5,0.0007,1,36,2,2,instance_063
308,instance_064,greedy,2,1508.103,4,0.0001,1,6,2,3,instance_064
309,instance_064,beam,2,1498.746,4,0.0003,1,6,2,3,instance_064
310,instance_064,annealing,0,0.0,0,0.0002,0,6,2,3,instance_064
311,instance_064,local,2,1508.103,4,0.0001,1,6,2,3,instance_064
312,instance_064,hybrid,2,1508.103,4,0.0001,1,6,2,3,instance_064
313,instance_065,greedy,2,1610.509,4,0.0001,1,5,2,3,instance_065
314,instance_065,beam,2,1610.509,4,0.0002,1,5,2,3,instance_065
315,instance_065,annealing,0,0.0,0,0.0013,0,5,2,3,instance_065
316,instance_065,local,2,1610.509,4,0.0002,1,5,2,3,instance_065
317,instance_065,hybrid,2,1610.509,4,0.0001,1,5,2,3,instance_065
318,instance_066,greedy,2,1646.276,4,0.0001,1,5,2,3,instance_066
319,instance_066,beam,2,1317.6,4,0.0031,1,5,2,3,instance_066
320,instance_066,annealing,0,0.0,0,0.0052,0,5,2,3,instance_066
321,instance_066,local,2,1646.276,4,0.0001,1,5,2,3,instance_066
322,instance_066,hybrid,2,1646.276,4,0.0001,1,5,2,3,instance_066
323,instance_067,greedy,2,1398.75,4,0.0001,1,10,2,2,instance_067
324,instance_067,beam,3,1964.738,5,0.0004,1,10,2,2,instance_067
325,instance_067,annealing,0,0.0,0,0.0003,0,10,2,2,instance_067
326,instance_067,local,2,1398.75,4,0.0001,1,10,2,2,instance_067
327,instance_067,hybrid,2,1398.75,4,0.0001,1,10,2,2,instance_067
328,instance_068,greedy,2,1625.754,4,0.0001,1,8,2,3,instance_068
329,instance_068,beam,3,1921.175,5,0.0003,1,8,2,3,instance_068
330,instance_068,annealing,0,0.0,0,0.0024,0,8,2,3,instance_068
331,instance_068,local,2,1625.754,4,0.0002,1,8,2,3,instance_068
332,instance_068,hybrid,2,1625.754,4,0.0001,1,8,2,3,instance_068
333,instance_069,greedy,10,1997.646,12,0.0113,1,24,2,2,instance_069
334,instance_069,beam,11,1694.357,13,0.0237,1,24,2,2,instance_069
335,instance_054,annealing,10,1958.312,11,0.2681,0,19,3,2,instance_054
336,instance_069,local,10,1924.314,12,0.013,1,24,2,2,instance_069
337,instance_069,hybrid,10,1924.314,12,0.0082,1,24,2,2,instance_069
338,instance_070,greedy,0,173.968,2,0.0006,1,22,2,2,instance_070
339,instance_070,beam,13,1990.129,15,0.0207,1,22,2,2,instance_070
340,instance_070,annealing,0,0.0,0,0.0027,0,22,2,2,instance_070
341,instance_070,local,0,173.968,2,0.0007,1,22,2,2,instance_070
342,instance_070,hybrid,0,173.968,2,0.0008,1,22,2,2,instance_070
343,instance_071,greedy,0,737.599,2,0.0001,1,21,3,2,instance_071
344,instance_045,annealing,15,1955.888,16,0.4776,0,19,2,2,instance_045
345,instance_071,beam,17,1947.429,19,0.058,1,21,3,2,instance_071
346,instance_071,local,0,737.599,2,0.0001,1,21,3,2,instance_071
347,instance_071,hybrid,0,737.599,2,0.0001,1,21,3,2,instance_071
348,instance_072,greedy,0,482.83,2,0.0003,1,15,2,2,instance_072
349,instance_072,beam,4,1966.777,6,0.0007,1,15,2,2,instance_072
350,instance_072,annealing,0,0.0,0,0.0003,0,15,2,2,instance_072
351,instance_072,local,0,482.83,2,0.0002,1,15,2,2,instance_072
352,instance_072,hybrid,0,482.83,2,0.0002,1,15,2,2,instance_072
353,instance_073,greedy,5,1997.3,7,0.0006,1,21,3,3,instance_073
354,instance_056,annealing,12,1742.65,13,0.3418,0,14,3,2,instance_056
355,instance_062,annealing,10,1952.029,11,0.2216,0,25,2,2,instance_062
356,instance_073,local,5,1997.3,7,0.0011,1,21,3,3,instance_073
357,instance_073,hybrid,5,1997.3,7,0.0008,1,21,3,3,instance_073
358,instance_074,greedy,1,1986.575,3,0.0002,1,25,2,3,instance_074
359,instance_074,beam,1,1986.575,3,0.0003,1,25,2,3,instance_074
360,instance_074,annealing,0,0.0,0,0.0003,0,25,2,3,instance_074
361,instance_074,local,1,1986.575,3,0.0002,1,25,2,3,instance_074
362,instance_074,hybrid,1,1986.575,3,0.0003,1,25,2,3,instance_074
363,instance_075,greedy,4,1924.527,6,0.0002,1,7,2,2,instance_075
364,instance_075,beam,5,1943.093,7,0.0006,1,7,2,2,instance_075
365,instance_071,annealing,0,737.599,2,0.0622,1,21,3,2,instance_071
366,instance_075,local,4,1924.527,6,0.0002,1,7,2,2,instance_075
367,instance_075,hybrid,4,1924.527,6,0.0002,1,7,2,2,instance_075
368,instance_076,greedy,4,1896.702,6,0.0008,1,9,3,2,instance_076
369,instance_075,annealing,0,0.0,0,0.0031,0,7,2,2,instance_075
370,instance_076,annealing,0,0.0,0,0.0021,0,9,3,2,instance_076
371,instance_076,local,4,1896.702,6,0.0003,1,9,3,2,instance_076
372,instance_076,hybrid,4,1896.702,6,0.0003,1,9,3,2,instance_076
373,instance_077,greedy,4,1691.501,6,0.0002,1,9,3,2,instance_077
374,instance_077,beam,4,1691.501,6,0.0006,1,9,3,2,instance_077
375,instance_077,annealing,0,0.0,0,0.0005,0,9,3,2,instance_077
376,instance_077,local,4,1691.501,6,0.0003,1,9,3,2,instance_077
377,instance_076,beam,6,1662.911,8,0.0091,1,9,3,2,instance_076
378,instance_077,hybrid,4,1691.501,6,0.0003,1,9,3,2,instance_077
379,instance_078,greedy,3,1825.741,5,0.0001,1,8,3,2,instance_078
380,instance_078,beam,4,1824.4,6,0.0006,1,8,3,2,instance_078
381,instance_078,annealing,0,0.0,0,0.0003,0,8,3,2,instance_078
382,instance_078,local,3,1825.741,5,0.0002,1,8,3,2,instance_078
383,instance_078,hybrid,3,1825.741,5,0.0001,1,8,3,2,instance_078
384,instance_079,greedy,4,1936.232,6,0.0002,1,8,2,3,instance_079
385,instance_079,beam,4,1936.232,6,0.0005,1,8,2,3,instance_079
386,instance_061,annealing,11,1939.082,13,0.2651,1,25,3,3,instance_061
387,instance_079,hybrid,4,1936.232,6,0.0003,1,8,2,3,instance_079
388,instance_080,greedy,6,1977.925,8,0.0005,1,10,2,3,instance_080
389,instance_079,local,4,1936.232,6,0.0004,1,8,2,3,instance_079
390,instance_080,beam,6,1829.754,8,0.0013,1,10,2,3,instance_080
391,instance_080,local,6,1977.925,8,0.0005,1,10,2,3,instance_080
392,instance_080,annealing,0,0.0,0,0.0049,0,10,2,3,instance_080
393,instance_080,hybrid,6,1977.925,8,0.0038,1,10,2,3,instance_080
394,instance_081,greedy,5,1978.571,7,0.0003,1,12,2,2,instance_081
395,instance_081,beam,5,1996.747,7,0.0021,1,12,2,2,instance_081
396,instance_081,local,5,1848.993,7,0.0007,1,12,2,2,instance_081
397,instance_081,annealing,0,0.0,0,0.0037,0,12,2,2,instance_081
398,instance_081,hybrid,5,1848.993,7,0.0005,1,12,2,2,instance_081
399,instance_082,greedy,4,1921.539,6,0.0001,1,6,2,2,instance_082
400,instance_082,beam,4,1921.539,6,0.0003,1,6,2,2,instance_082
401,instance_082,local,4,1921.539,6,0.0002,1,6,2,2,instance_082
402,instance_082,annealing,0,0.0,0,0.0016,0,6,2,2,instance_082
403,instance_079,annealing,0,0.0,0,0.0162,0,8,2,3,instance_079
404,instance_082,hybrid,4,1921.539,6,0.0002,1,6,2,2,instance_082
405,instance_083,greedy,0,955.96,2,0.0,1,7,2,2,instance_083
406,instance_083,beam,1,1918.791,3,0.0001,1,7,2,2,instance_083
407,instance_083,local,0,955.96,2,0.0,1,7,2,2,instance_083
408,instance_083,hybrid,0,955.96,2,0.0,1,7,2,2,instance_083
409,instance_084,greedy,0,379.353,2,0.0002,1,7,3,2,instance_084
410,instance_084,annealing,0,0.0,0,0.0002,0,7,3,2,instance_084
411,instance_084,beam,6,1915.505,8,0.0011,1,7,3,2,instance_084
412,instance_084,hybrid,0,379.353,2,0.0001,1,7,3,2,instance_084
413,instance_085,greedy,8,1843.908,10,0.0007,1,11,3,2,instance_085
414,instance_084,local,0,379.353,2,0.0001,1,7,3,2,instance_084
415,instance_085,beam,8,1843.908,10,0.0104,1,11,3,2,instance_085
416,instance_085,local,8,1839.095,10,0.0052,1,11,3,2,instance_085
417,instance_073,beam,5,1997.3,7,0.0734,1,21,3,3,instance_073
418,instance_086,greedy,1,1980.553,3,0.0001,1,11,2,3,instance_086
419,instance_086,beam,6,1909.409,8,0.0014,1,11,2,3,instance_086
420,instance_086,annealing,0,0.0,0,0.0003,0,11,2,3,instance_086
421,instance_086,local,1,1980.553,3,0.0001,1,11,2,3,instance_086
422,instance_086,hybrid,1,1980.553,3,0.0001,1,11,2,3,instance_086
423,instance_087,greedy,0,357.61,2,0.0001,1,12,2,2,instance_087
424,instance_087,beam,0,357.61,2,0.0001,1,12,2,2,instance_087
425,instance_085,hybrid,8,1839.095,10,0.0115,1,11,3,2,instance_085
426,instance_087,local,0,357.61,2,0.0001,1,12,2,2,instance_087
427,instance_087,hybrid,0,357.61,2,0.0001,1,12,2,2,instance_087
428,instance_088,greedy,4,1855.366,6,0.0003,1,14,2,2,instance_088
429,instance_088,beam,5,1977.341,7,0.0019,1,14,2,2,instance_088
430,instance_083,annealing,0,955.96,2,0.054,1,7,2,2,instance_083
431,instance_088,local,4,1855.366,6,0.0004,1,14,2,2,instance_088
432,instance_088,hybrid,4,1855.366,6,0.0004,1,14,2,2,instance_088
433,instance_089,greedy,1,1795.38,3,0.0001,1,10,3,2,instance_089
434,instance_089,beam,4,1863.935,6,0.0005,1,10,3,2,instance_089
435,instance_089,annealing,0,0.0,0,0.0001,0,10,3,2,instance_089
436,instance_089,local,1,1795.38,3,0.0001,1,10,3,2,instance_089
437,instance_089,hybrid,1,1795.38,3,0.0001,1,10,3,2,instance_089
438,instance_090,greedy,0,938.566,2,0.0007,1,12,3,2,instance_090
439,instance_090,beam,8,1609.461,10,0.0151,1,12,3,2,instance_090
440,instance_090,annealing,0,0.0,0,0.001,0,12,3,2,instance_090
441,instance_090,local,0,938.566,2,0.0008,1,12,3,2,instance_090
442,instance_090,hybrid,0,938.566,2,0.0008,1,12,3,2,instance_090
443,instance_063,annealing,13,1991.657,14,0.358,0,36,2,2,instance_063
444,instance_091,beam,8,1993.098,10,0.0025,1,12,2,3,instance_091
445,instance_091,annealing,0,0.0,0,0.0003,0,12,2,3,instance_091
446,instance_087,annealing,0,357.61,2,0.0958,1,12,2,2,instance_087
447,instance_091,local,2,1957.093,4,0.0002,1,12,2,3,instance_091
448,instance_091,hybrid,2,1957.093,4,0.0002,1,12,2,3,instance_091
449,instance_092,greedy,1,1759.95,3,0.0001,1,11,2,2,instance_092
450,instance_092,annealing,0,0.0,0,0.0001,0,11,2,2,instance_092
451,instance_092,local,1,1759.95,3,0.0001,1,11,2,2,instance_092
452,instance_092,beam,3,1999.866,5,0.0004,1,11,2,2,instance_092
453,instance_092,hybrid,1,1759.95,3,0.0001,1,11,2,2,instance_092
454,instance_091,greedy,2,1957.093,4,0.0002,1,12,2,3,instance_091
455,instance_093,greedy,11,1817.515,13,0.007,1,18,3,3,instance_093
456,instance_093,beam,11,1817.515,13,0.0164,1,18,3,3,instance_093
457,instance_093,local,11,1817.515,13,0.0111,1,18,3,3,instance_093
458,instance_094,greedy,9,1987.666,11,0.0012,1,13,3,3,instance_094
459,instance_093,hybrid,11,1817.515,13,0.0099,1,18,3,3,instance_093
460,instance_094,beam,9,1987.666,11,0.0126,1,13,3,3,instance_094
461,instance_094,local,9,1987.666,11,0.0017,1,13,3,3,instance_094
462,instance_094,hybrid,9,1987.666,11,0.0013,1,13,3,3,instance_094
463,instance_095,greedy,4,1910.202,6,0.0003,1,13,3,3,instance_095
464,instance_095,beam,10,1999.214,12,0.0149,1,13,3,3,instance_095
465,instance_095,annealing,0,0.0,0,0.0039,0,13,3,3,instance_095
466,instance_095,local,4,1910.202,6,0.0003,1,13,3,3,instance_095
467,instance_095,hybrid,4,1910.202,6,0.0003,1,13,3,3,instance_095
468,instance_096,greedy,0,439.21,2,0.0012,1,14,2,3,instance_096
469,instance_096,beam,11,1937.753,13,0.0131,1,14,2,3,instance_096
470,instance_096,annealing,0,0.0,0,0.0013,0,14,2,3,instance_096
471,instance_096,local,0,439.21,2,0.0014,1,14,2,3,instance_096
472,instance_096,hybrid,0,439.21,2,0.0012,1,14,2,3,instance_096
473,instance_097,greedy,7,1359.779,9,0.0002,1,7,1,1,instance_097
474,instance_097,beam,6,1087.824,8,0.0008,1,7,1,1,instance_097
475,instance_097,annealing,7,1359.779,9,0.1078,1,7,1,1,instance_097
476,instance_097,local,7,1359.779,9,0.0013,1,7,1,1,instance_097
477,instance_097,hybrid,7,1359.779,9,0.0016,1,7,1,1,instance_097
478,instance_098,greedy,6,715.592,8,0.0007,1,6,1,1,instance_098
479,instance_098,beam,6,715.592,8,0.0014,1,6,1,1,instance_098
480,instance_094,annealing,9,1987.666,11,0.2338,1,13,3,3,instance_094
481,instance_098,local,6,715.592,8,0.0012,1,6,1,1,instance_098
482,instance_098,hybrid,6,715.592,8,0.0012,1,6,1,1,instance_098
483,instance_099,greedy,0,1796.051,2,0.0,1,9,1,1,instance_099
484,instance_099,beam,0,1796.051,2,0.0001,1,9,1,1,instance_099
485,instance_085,annealing,11,1572.879,12,0.3847,0,11,3,2,instance_085
486,instance_099,local,0,1796.051,2,0.0001,1,9,1,1,instance_099
487,instance_099,hybrid,0,1796.051,2,0.0,1,9,1,1,instance_099
488,instance_100,greedy,0,1895.046,2,0.0,1,8,1,1,instance_100
489,instance_100,beam,0,1895.046,2,0.0001,1,8,1,1,instance_100
490,instance_098,annealing,6,715.592,8,0.1146,1,6,1,1,instance_098
491,instance_100,local,0,1895.046,2,0.0,1,8,1,1,instance_100
492,instance_100,hybrid,0,1895.046,2,0.0001,1,8,1,1,instance_100
493,instance_088,annealing,14,1769.794,15,0.4263,0,14,2,2,instance_088
494,instance_100,annealing,0,1895.046,2,0.0689,1,8,1,1,instance_100
495,instance_099,annealing,0,1796.051,2,0.0783,1,9,1,1,instance_099
496,instance_053,annealing,18,1612.32,19,0.9433,0,18,2,3,instance_053
497,instance_093,annealing,12,1763.346,13,0.3655,0,18,3,3,instance_093
498,instance_069,annealing,22,1990.884,23,0.7318,0,24,2,2,instance_069
499,instance_073,annealing,21,1932.023,22,0.6755,0,21,3,3,instance_073
